Title,Media URL,Pinterest board,Thumbnail,Description,Link,Publish date,Keywords,,error
Cosas que destruyen un matrimonio,https://socialheartspanish.s3.ap-south-1.amazonaws.com/ab+(205).png,amar,,,,,,).png,
Ideas para citas románticas,https://socialheartspanish.s3.ap-south-1.amazonaws.com/ab+(206).png,amar,,,,,,).png,
Señales de que quiere casarse contigo,https://socialheartspanish.s3.ap-south-1.amazonaws.com/ab+(207).png,amar,,,,,,).png,
Cosas que tu pareja nunca debería decirte,https://socialheartspanish.s3.ap-south-1.amazonaws.com/ab+(208).png,amar,,,,,,).png,
Señales de que finge amarte,https://socialheartspanish.s3.ap-south-1.amazonaws.com/ab+(209).png,amar,,,,,,).png,
Retos de pareja,https://socialheartspanish.s3.ap-south-1.amazonaws.com/ab+(210).png,amar,,,,,,).png,
Ideas para citas de primavera,https://socialheartspanish.s3.ap-south-1.amazonaws.com/ab+(211).png,amar,,,,,,).png,
Cosas lindas para hacer por tu novio,https://socialheartspanish.s3.ap-south-1.amazonaws.com/ab+(212).png,amar,,,,,,).png,
Ideas para citas de fin de semana,https://socialheartspanish.s3.ap-south-1.amazonaws.com/ab+(213).png,amar,,,,,,).png,
Cómo ser un buen marido,https://socialheartspanish.s3.ap-south-1.amazonaws.com/ab+(214).png,amar,,,,,,).png,
Maneras de mantener su relación emocionante,https://socialheartspanish.s3.ap-south-1.amazonaws.com/ab+(215).png,amar,,,,,,).png,
Mensajes de amor verdadero,https://socialheartspanish.s3.ap-south-1.amazonaws.com/ab+(216).png,amar,,,,,,).png,
Cosas que las parejas felices hacen el uno por el otro,https://socialheartspanish.s3.ap-south-1.amazonaws.com/ab+(217).png,amar,,,,,,).png,
Cosas que las parejas felices hacen todos los días,https://socialheartspanish.s3.ap-south-1.amazonaws.com/ab+(218).png,amar,,,,,,).png,
Ideas para citas en el dormitorio,https://socialheartspanish.s3.ap-south-1.amazonaws.com/ab+(219).png,amar,,,,,,).png,
Cosas que hacer para fortalecer su relación,https://socialheartspanish.s3.ap-south-1.amazonaws.com/ab+(220).png,amar,,,,,,).png,
Podcasts sobre relaciones,https://socialheartspanish.s3.ap-south-1.amazonaws.com/ab+(221).png,amar,,,,,,).png,
Cómo hacer que te persiga,https://socialheartspanish.s3.ap-south-1.amazonaws.com/ab+(222).png,amar,,,,,,).png,
¿Qué es la intimidad en el matrimonio?,https://socialheartspanish.s3.ap-south-1.amazonaws.com/ab+(223).png,amar,,,,,,).png,
Ideas para la primera cita para adolescentes,https://socialheartspanish.s3.ap-south-1.amazonaws.com/ab+(224).png,amar,,,,,,).png,
Cómo hacer que te extrañe,https://socialheartspanish.s3.ap-south-1.amazonaws.com/ab+(225).png,amar,,,,,,).png,
Cosas lindas para decirle a tu novio,https://socialheartspanish.s3.ap-south-1.amazonaws.com/ab+(226).png,amar,,,,,,).png,
Ideas para citas de invierno,https://socialheartspanish.s3.ap-south-1.amazonaws.com/ab+(227).png,amar,,,,,,).png,
¿Deberías anunciar tu relación en las redes sociales?,https://socialheartspanish.s3.ap-south-1.amazonaws.com/ab+(228).png,amar,,,,,,).png,
40 cosas que hacer antes de los 40,https://socialheartspanish.s3.ap-south-1.amazonaws.com/ab+(229).png,amar,,,,,,).png,
Cómo ser divertido y con personalidad incluso si no eres divertido por naturaleza,https://socialheartspanish.s3.ap-south-1.amazonaws.com/ab+(230).png,amar,,,,,,).png,
Lista de 50 razones por las que te amo,https://socialheartspanish.s3.ap-south-1.amazonaws.com/ab+(231).png,amar,,,,,,).png,
15 hábitos de las mujeres emocionalmente fuertes,https://socialheartspanish.s3.ap-south-1.amazonaws.com/ab+(232).png,amar,,,,,,).png,
Más de 100 estilos únicos de Ankara para damas,https://socialheartspanish.s3.ap-south-1.amazonaws.com/ab+(233).png,amar,,,,,,).png,
Por qué la gente abandona tu blog sin leer tu contenido,https://socialheartspanish.s3.ap-south-1.amazonaws.com/ab+(234).png,amar,,,,,,).png,
Los cinco principales hábitos que destruyen tu autoestima como mujer,https://socialheartspanish.s3.ap-south-1.amazonaws.com/ab+(235).png,amar,,,,,,).png,
13 MANERAS INTELIGENTES DE PASAR MENOS TIEMPO EN TU TELÉFONO,https://socialheartspanish.s3.ap-south-1.amazonaws.com/ab+(236).png,amar,,,,,,).png,
Tres consejos para mejorar la intimidad física en su matrimonio,https://socialheartspanish.s3.ap-south-1.amazonaws.com/ab+(237).png,amar,,,,,,).png,
15 expectativas poco realistas que pueden arruinar tu matrimonio,https://socialheartspanish.s3.ap-south-1.amazonaws.com/ab+(238).png,amar,,,,,,).png,
10 cosas que desearía saber antes de quedar embarazada,https://socialheartspanish.s3.ap-south-1.amazonaws.com/ab+(239).png,amar,,,,,,).png,
36 MANERAS DE SIMPLIFICAR TU VIDA: HAZ TU VIDA FÁCIL,https://socialheartspanish.s3.ap-south-1.amazonaws.com/ab+(240).png,amar,,,,,,).png,
"Vida y Amor Vida y Amor, una entrada de blog a la vez...",https://socialheartspanish.s3.ap-south-1.amazonaws.com/ab+(241).png,amar,,,,,,).png,
La señorita equivocada: reseña de la película de Netflix,https://socialheartspanish.s3.ap-south-1.amazonaws.com/ab+(242).png,amar,,,,,,).png,
Sharon Ooja: todo lo que necesitas saber sobre ella,https://socialheartspanish.s3.ap-south-1.amazonaws.com/ab+(243).png,amar,,,,,,).png,
Diez formas de controlar el estrés como nueva mamá,https://socialheartspanish.s3.ap-south-1.amazonaws.com/ab+(244).png,amar,,,,,,).png,
Fragrance to Fire de Dunsin Oyekan [Letra y descarga MP3],https://socialheartspanish.s3.ap-south-1.amazonaws.com/ab+(245).png,amar,,,,,,).png,
10 cosas que hacen las mujeres en una cita que desaniman a los hombres,https://socialheartspanish.s3.ap-south-1.amazonaws.com/ab+(246).png,amar,,,,,,).png,
15 hábitos de una mujer auténtica,https://socialheartspanish.s3.ap-south-1.amazonaws.com/ab+(247).png,amar,,,,,,).png,
Cómo superar tiempos difíciles sin derrumbarse,https://socialheartspanish.s3.ap-south-1.amazonaws.com/ab+(248).png,amar,,,,,,).png,
Cómo descubrir tus potenciales ocultos,https://socialheartspanish.s3.ap-south-1.amazonaws.com/ab+(249).png,amar,,,,,,).png,
7 TRUCOS DE PRODUCTIVIDAD: hacer mucho en poco tiempo,https://socialheartspanish.s3.ap-south-1.amazonaws.com/ab+(250).png,amar,,,,,,).png,
CÓMO ESCRIBIR Y PUBLICAR TU LIBRO EN DOS SEMANAS,https://socialheartspanish.s3.ap-south-1.amazonaws.com/ab+(251).png,amar,,,,,,).png,
7 hábitos de Joyce Meyer que transformarán completamente tu vida,https://socialheartspanish.s3.ap-south-1.amazonaws.com/ab+(252).png,amar,,,,,,).png,
"45 citas de Toni Morrison sobre la escritura, el amor y la vida para inspirarte",https://socialheartspanish.s3.ap-south-1.amazonaws.com/ab+(253).png,amar,,,,,,).png,
Body Shaming: 50 mujeres comparten sus experiencias,https://socialheartspanish.s3.ap-south-1.amazonaws.com/ab+(254).png,amar,,,,,,).png,
11 cosas que desearía saber antes de tener un parto por cesárea,https://socialheartspanish.s3.ap-south-1.amazonaws.com/ab+(255).png,amar,,,,,,).png,
¿Qué quieren realmente los hombres?,https://socialheartspanish.s3.ap-south-1.amazonaws.com/ab+(256).png,amar,,,,,,).png,
10 formas sencillas pero sorprendentes de disfrutar la maternidad,https://socialheartspanish.s3.ap-south-1.amazonaws.com/ab+(257).png,amar,,,,,,).png,
Maneras seguras de obligar a su marido a realizar las tareas del hogar,https://socialheartspanish.s3.ap-south-1.amazonaws.com/ab+(258).png,amar,,,,,,).png,
Error #1 que cometen las nuevas esposas,https://socialheartspanish.s3.ap-south-1.amazonaws.com/ab+(259).png,amar,,,,,,).png,
Cómo tener una (primera) cita divertida,https://socialheartspanish.s3.ap-south-1.amazonaws.com/ab+(260).png,amar,,,,,,).png,
20 citas sobre cómo convertirse en Michelle Obama para inspirarte,https://socialheartspanish.s3.ap-south-1.amazonaws.com/ab+(261).png,amar,,,,,,).png,
Una mujer sabia nunca se casará con un hombre que hace estas 6 cosas,https://socialheartspanish.s3.ap-south-1.amazonaws.com/ab+(262).png,amar,,,,,,).png,
Cómo conseguir que te pida que te cases con él: 7 pasos calculados,https://socialheartspanish.s3.ap-south-1.amazonaws.com/ab+(263).png,amar,,,,,,).png,
"Cuando un hombre es vulnerable con una mujer, 7 cosas que significa",https://socialheartspanish.s3.ap-south-1.amazonaws.com/ab+(264).png,amar,,,,,,).png,
¡Nunca te cases con un chico que tenga estos hábitos! 20 señales de alerta a tener en cuenta,https://socialheartspanish.s3.ap-south-1.amazonaws.com/ab+(265).png,amar,,,,,,).png,
¿Por qué un hombre se queda con una mujer que no ama? 12 razones,https://socialheartspanish.s3.ap-south-1.amazonaws.com/ab+(266).png,amar,,,,,,).png,
¿Por qué un hombre se casaría con una mujer que no ama? 10 razones asombrosas,https://socialheartspanish.s3.ap-south-1.amazonaws.com/ab+(267).png,amar,,,,,,).png,
Te casarás pronto: 12 señales a tener en cuenta,https://socialheartspanish.s3.ap-south-1.amazonaws.com/ab+(268).png,amar,,,,,,).png,
12 señales inequívocas de que un hombre está listo para casarse,https://socialheartspanish.s3.ap-south-1.amazonaws.com/ab+(269).png,amar,,,,,,).png,
9 señales convincentes de que cree que eres el indicado,https://socialheartspanish.s3.ap-south-1.amazonaws.com/ab+(270).png,amar,,,,,,).png,
Cómo ser feliz en un matrimonio infeliz 10 cambios de juego para ti,https://socialheartspanish.s3.ap-south-1.amazonaws.com/ab+(271).png,amar,,,,,,).png,
"Si hace estas 13 señales, nunca te amará",https://socialheartspanish.s3.ap-south-1.amazonaws.com/ab+(272).png,amar,,,,,,).png,
11 señales de que eres una mujer intimidante,https://socialheartspanish.s3.ap-south-1.amazonaws.com/ab+(273).png,amar,,,,,,).png,
8 formas infalibles de hacer que un hombre sepa lo que vales,https://socialheartspanish.s3.ap-south-1.amazonaws.com/ab+(274).png,amar,,,,,,).png,
10 señales obvias de un marido inseguro,https://socialheartspanish.s3.ap-south-1.amazonaws.com/ab+(275).png,amar,,,,,,).png,
12 cualidades irresistibles de una mujer atractiva,https://socialheartspanish.s3.ap-south-1.amazonaws.com/ab+(276).png,amar,,,,,,).png,
11 cosas que nunca debes hacer con el pasado de tu pareja,https://socialheartspanish.s3.ap-south-1.amazonaws.com/ab+(277).png,amar,,,,,,).png,
¿Debería contratar a un abogado para un caso de violencia doméstica?,https://socialheartspanish.s3.ap-south-1.amazonaws.com/ab+(278).png,amar,,,,,,).png,
¿Cuánto tiempo puede pasar una pareja casada sin intimidad física? 9 factores que dictan,https://socialheartspanish.s3.ap-south-1.amazonaws.com/ab+(279).png,amar,,,,,,).png,
'Mi marido nunca inicia la intimidad': 10 factores importantes a considerar,https://socialheartspanish.s3.ap-south-1.amazonaws.com/ab+(280).png,amar,,,,,,).png,
¿Cuánto tiempo puede permanecer un hombre sin intimidad física? 10 factores que lo determinan,https://socialheartspanish.s3.ap-south-1.amazonaws.com/ab+(281).png,amar,,,,,,).png,
9 señales de que quiere una familia contigo de verdad,https://socialheartspanish.s3.ap-south-1.amazonaws.com/ab+(282).png,amar,,,,,,).png,
"""Estoy infelizmente casado y enamorado de otra persona"" Por qué y la salida",https://socialheartspanish.s3.ap-south-1.amazonaws.com/ab+(283).png,amar,,,,,,).png,
8 razones por las que la gente duda en pedir préstamos,https://socialheartspanish.s3.ap-south-1.amazonaws.com/ab+(284).png,amar,,,,,,).png,
"""Mi marido no quiere hablar conmigo pero habla con todos los demás"" 8 posibles razones",https://socialheartspanish.s3.ap-south-1.amazonaws.com/ab+(285).png,amar,,,,,,).png,
15 cosas que los chicos quieren en una relación a larga distancia,https://socialheartspanish.s3.ap-south-1.amazonaws.com/ab+(286).png,amar,,,,,,).png,
Los 9 tipos de hombres casados ​​que tienen múltiples amantes,https://socialheartspanish.s3.ap-south-1.amazonaws.com/ab+(287).png,amar,,,,,,).png,
¿Puede un hombre enamorarse de su compañera? La desagradable verdad,https://socialheartspanish.s3.ap-south-1.amazonaws.com/ab+(288).png,amar,,,,,,).png,
6 señales claras de que tu marido te está engañando emocionalmente,https://socialheartspanish.s3.ap-south-1.amazonaws.com/ab+(289).png,amar,,,,,,).png,
9 formas populares en que se descubren la mayoría de las aventuras amorosas,https://socialheartspanish.s3.ap-south-1.amazonaws.com/ab+(290).png,amar,,,,,,).png,
Los 11 tipos de sacerdotes que coquetean,https://socialheartspanish.s3.ap-south-1.amazonaws.com/ab+(291).png,amar,,,,,,).png,
Mi marido se niega a hablar de los problemas (¿por qué y qué hago?),https://socialheartspanish.s3.ap-south-1.amazonaws.com/ab+(292).png,amar,,,,,,).png,
10 señales infalibles de asuntos emocionales en el trabajo,https://socialheartspanish.s3.ap-south-1.amazonaws.com/ab+(293).png,amar,,,,,,).png,
Cómo terminar una relación a distancia con alguien que amas,https://socialheartspanish.s3.ap-south-1.amazonaws.com/ab+(294).png,amar,,,,,,).png,
"""Dejé de perseguirla ahora ella me quiere"": 5 cosas que hacer",https://socialheartspanish.s3.ap-south-1.amazonaws.com/ab+(295).png,amar,,,,,,).png,
"Cómo romper el silencio en una relación, especialmente después de una pelea",https://socialheartspanish.s3.ap-south-1.amazonaws.com/ab+(296).png,amar,,,,,,).png,
12 señales claras de que nunca te perdonará,https://socialheartspanish.s3.ap-south-1.amazonaws.com/ab+(297).png,amar,,,,,,).png,
8 señales de un marido que no te apoya durante el embarazo,https://socialheartspanish.s3.ap-south-1.amazonaws.com/ab+(298).png,amar,,,,,,).png,
¿Por qué tengo tantas ganas de casarme? Este es el por qué,https://socialheartspanish.s3.ap-south-1.amazonaws.com/ab+(299).png,amar,,,,,,).png,
Qué hacer cuando tu novio está estresado y distante,https://socialheartspanish.s3.ap-south-1.amazonaws.com/ab+(300).png,amar,,,,,,).png,
Cosas que las mujeres encuentran atractivas en los hombres,https://socialheartspanish.s3.ap-south-1.amazonaws.com/ab+(301).png,amar,,,,,,).png,
Dulce mensaje de amor,https://socialheartspanish.s3.ap-south-1.amazonaws.com/ab+(302).png,amar,,,,,,).png,
111 nuevas preguntas sobre relaciones,https://socialheartspanish.s3.ap-south-1.amazonaws.com/ab+(303).png,amar,,,,,,).png,
11 rutinas para parejas a la hora de dormir para fortalecer el amor,https://socialheartspanish.s3.ap-south-1.amazonaws.com/ab+(304).png,amar,,,,,,).png,
18 gestos que hacen que los hombres se sientan amados y apreciados,https://socialheartspanish.s3.ap-south-1.amazonaws.com/ab+(305).png,amar,,,,,,).png,
Los 10 errores más grandes que cometen las mujeres en la cama,https://socialheartspanish.s3.ap-south-1.amazonaws.com/ab+(306).png,amar,,,,,,).png,
11 formas de mantener feliz a tu hombre en la cama,https://socialheartspanish.s3.ap-south-1.amazonaws.com/ab+(307).png,amar,,,,,,).png,
Cosas que decir en la cama para excitarlo,https://socialheartspanish.s3.ap-south-1.amazonaws.com/ab+(308).png,amar,,,,,,).png,
7 formas de darle vida al dormitorio,https://socialheartspanish.s3.ap-south-1.amazonaws.com/ab+(309).png,amar,,,,,,).png,
Cosas que hacen las chicas y que a los chicos les encantan,https://socialheartspanish.s3.ap-south-1.amazonaws.com/ab+(310).png,amar,,,,,,).png,
Iniciadores de conversación,https://socialheartspanish.s3.ap-south-1.amazonaws.com/ab+(311).png,amar,,,,,,).png,
Preguntas íntimas para hacerle a su pareja,https://socialheartspanish.s3.ap-south-1.amazonaws.com/ab+(312).png,amar,,,,,,).png,
Lindos mensajes de texto coquetos para hacer que tu pareja se vuelva loca por ti esta noche,https://socialheartspanish.s3.ap-south-1.amazonaws.com/ab+(313).png,amar,,,,,,).png,
275 dulces mensajes de buenas noches que le encanta escuchar antes de dormir,https://socialheartspanish.s3.ap-south-1.amazonaws.com/ab+(314).png,amar,,,,,,).png,
100 palabras para animar a tu marido,https://socialheartspanish.s3.ap-south-1.amazonaws.com/ab+(315).png,amar,,,,,,).png,
10 señales de que ya no te ama,https://socialheartspanish.s3.ap-south-1.amazonaws.com/ab+(316).png,amar,,,,,,).png,
Mensajes que harán que se enamore perdidamente de ti,https://socialheartspanish.s3.ap-south-1.amazonaws.com/ab+(317).png,amar,,,,,,).png,
Cómo decir te amo en 3000 idiomas,https://socialheartspanish.s3.ap-south-1.amazonaws.com/ab+(318).png,amar,,,,,,).png,
10 consejos sobre citas online que cambiarán tu vida,https://socialheartspanish.s3.ap-south-1.amazonaws.com/ab+(319).png,amar,,,,,,).png,
10 consejos sobre cómo coquetear como un profesional,https://socialheartspanish.s3.ap-south-1.amazonaws.com/ab+(320).png,amar,,,,,,).png,
10 tipos de relaciones que probablemente conocerás,https://socialheartspanish.s3.ap-south-1.amazonaws.com/ab+(321).png,amar,,,,,,).png,
Los lugares más sensuales del cuerpo de un hombre,https://socialheartspanish.s3.ap-south-1.amazonaws.com/ab+(322).png,amar,,,,,,).png,
Los 10 mejores libros sobre relaciones que toda pareja debería leer,https://socialheartspanish.s3.ap-south-1.amazonaws.com/ab+(323).png,amar,,,,,,).png,
Fortalece tu matrimonio,https://socialheartspanish.s3.ap-south-1.amazonaws.com/ab+(324).png,amar,,,,,,).png,
Te extraño mensajes de amor,https://socialheartspanish.s3.ap-south-1.amazonaws.com/ab+(325).png,amar,,,,,,).png,
Lindos párrafos para él después de una discusión,https://socialheartspanish.s3.ap-south-1.amazonaws.com/ab+(326).png,amar,,,,,,).png,
Elogios que derretirán el corazón de tu novio,https://socialheartspanish.s3.ap-south-1.amazonaws.com/ab+(327).png,amar,,,,,,).png,
Principales desvíos para los hombres en una relación,https://socialheartspanish.s3.ap-south-1.amazonaws.com/ab+(328).png,amar,,,,,,).png,
Monta a tu hombre en la cama,https://socialheartspanish.s3.ap-south-1.amazonaws.com/ab+(329).png,amar,,,,,,).png,
Cosas que los chicos notan sobre las chicas,https://socialheartspanish.s3.ap-south-1.amazonaws.com/ab+(330).png,amar,,,,,,).png,
Preguntas para que su hijo hable,https://socialheartspanish.s3.ap-south-1.amazonaws.com/ab+(331).png,amar,,,,,,).png,
Diez formas de calmar a tus hijos sin gritar,https://socialheartspanish.s3.ap-south-1.amazonaws.com/ab+(332).png,amar,,,,,,).png,
Consejos para una intimidad más profunda,https://socialheartspanish.s3.ap-south-1.amazonaws.com/ab+(333).png,amar,,,,,,).png,
Habilidades para besar romántico,https://socialheartspanish.s3.ap-south-1.amazonaws.com/ab+(334).png,amar,,,,,,).png,
Cómo complacer a un hombre,https://socialheartspanish.s3.ap-south-1.amazonaws.com/ab+(335).png,amar,,,,,,).png,
Maneras de mantener su matrimonio emocionante,https://socialheartspanish.s3.ap-south-1.amazonaws.com/ab+(336).png,amar,,,,,,).png,
Beneficios de tener más sexo,https://socialheartspanish.s3.ap-south-1.amazonaws.com/ab+(337).png,amar,,,,,,).png,
Hábitos que las parejas felices juran,https://socialheartspanish.s3.ap-south-1.amazonaws.com/ab+(338).png,amar,,,,,,).png,
Relaciones de larga distancia,https://socialheartspanish.s3.ap-south-1.amazonaws.com/ab+(339).png,amar,,,,,,).png,
Cena romántica perfecta en casa,https://socialheartspanish.s3.ap-south-1.amazonaws.com/ab+(340).png,amar,,,,,,).png,
Haz que te extrañe,https://socialheartspanish.s3.ap-south-1.amazonaws.com/ab+(341).png,amar,,,,,,).png,
Cosas que los chicos quieren en la cama,https://socialheartspanish.s3.ap-south-1.amazonaws.com/ab+(342).png,amar,,,,,,).png,
Vida sexual y relación,https://socialheartspanish.s3.ap-south-1.amazonaws.com/ab+(343).png,amar,,,,,,).png,
Comprenda el lenguaje de amor único de su hombre,https://socialheartspanish.s3.ap-south-1.amazonaws.com/ab+(344).png,amar,,,,,,).png,
Señales románticas de que está loco por ti,https://socialheartspanish.s3.ap-south-1.amazonaws.com/ab+(345).png,amar,,,,,,).png,
Mensajes de buenos días,https://socialheartspanish.s3.ap-south-1.amazonaws.com/ab+(346).png,amar,,,,,,).png,
Cosas románticas para hacer con tu amante,https://socialheartspanish.s3.ap-south-1.amazonaws.com/ab+(347).png,amar,,,,,,).png,
Preguntas que debe hacerle a su prometido antes de casarse,https://socialheartspanish.s3.ap-south-1.amazonaws.com/ab+(348).png,amar,,,,,,).png,
Preguntas para hacerle a su pareja antes de acostarse,https://socialheartspanish.s3.ap-south-1.amazonaws.com/ab+(349).png,amar,,,,,,).png,
Cosas que hacer con su cónyuge antes del desayuno,https://socialheartspanish.s3.ap-south-1.amazonaws.com/ab+(350).png,amar,,,,,,).png,
Cosas que las parejas deben hacer antes de acostarse,https://socialheartspanish.s3.ap-south-1.amazonaws.com/ab+(351).png,amar,,,,,,).png,
Manténgase activo en casa,https://socialheartspanish.s3.ap-south-1.amazonaws.com/ab+(352).png,amar,,,,,,).png,
Encontrar una carrera que te encantará,https://socialheartspanish.s3.ap-south-1.amazonaws.com/ab+(353).png,amar,,,,,,).png,
Cosas que debe dejar de hacer antes de salir de casa,https://socialheartspanish.s3.ap-south-1.amazonaws.com/ab+(354).png,amar,,,,,,).png,
Actividades para vincularse con sus hijos,https://socialheartspanish.s3.ap-south-1.amazonaws.com/ab+(355).png,amar,,,,,,).png,
Tabla de alimentos durante el embarazo,https://socialheartspanish.s3.ap-south-1.amazonaws.com/ab+(356).png,amar,,,,,,).png,
Cosas que nunca debes decirle a tu cónyuge,https://socialheartspanish.s3.ap-south-1.amazonaws.com/ab+(357).png,amar,,,,,,).png,
Sea más productivo en casa,https://socialheartspanish.s3.ap-south-1.amazonaws.com/ab+(358).png,amar,,,,,,).png,
Sea más productivo cuando esté aburrido,https://socialheartspanish.s3.ap-south-1.amazonaws.com/ab+(359).png,amar,,,,,,).png,
Maneras de verse bien en casa,https://socialheartspanish.s3.ap-south-1.amazonaws.com/ab+(360).png,amar,,,,,,).png,
Hazlo llorar en la cama sexualmente,https://socialheartspanish.s3.ap-south-1.amazonaws.com/ab+(361).png,amar,,,,,,).png,
Castiga a tus hijos sin que te odien,https://socialheartspanish.s3.ap-south-1.amazonaws.com/ab+(362).png,amar,,,,,,).png,
¿Debería divorciarme?,https://socialheartspanish.s3.ap-south-1.amazonaws.com/ab+(363).png,amar,,,,,,).png,
Ideas lindas y divertidas para citas para adolescentes,https://socialheartspanish.s3.ap-south-1.amazonaws.com/ab+(364).png,amar,,,,,,).png,
Las 10 mejores citas sobre relaciones para mujeres enamoradas,https://socialheartspanish.s3.ap-south-1.amazonaws.com/ab+(365).png,amar,,,,,,).png,
Maneras de ser una esposa sumisa,https://socialheartspanish.s3.ap-south-1.amazonaws.com/ab+(366).png,amar,,,,,,).png,
Señales de que su matrimonio ha terminado,https://socialheartspanish.s3.ap-south-1.amazonaws.com/ab+(367).png,amar,,,,,,).png,
Criar un buen niño en una cultura en decadencia,https://socialheartspanish.s3.ap-south-1.amazonaws.com/ab+(368).png,amar,,,,,,).png,
Riesgos para la salud del bebé,https://socialheartspanish.s3.ap-south-1.amazonaws.com/ab+(369).png,amar,,,,,,).png,
Autocuidados para mamás embarazadas,https://socialheartspanish.s3.ap-south-1.amazonaws.com/ab+(370).png,amar,,,,,,).png,
Cosas que los hombres buscan en una mujer que los motivará,https://socialheartspanish.s3.ap-south-1.amazonaws.com/ab+(371).png,amar,,,,,,).png,
Formas de desarrollar una mentalidad positiva,https://socialheartspanish.s3.ap-south-1.amazonaws.com/ab+(372).png,amar,,,,,,).png,
Errores terribles que pueden destruir tu relación y cómo evitarlos,https://socialheartspanish.s3.ap-south-1.amazonaws.com/ab+(373).png,amar,,,,,,).png,
Las 7 mejores formas de atraer fácilmente a hombres cristianos solteros,https://socialheartspanish.s3.ap-south-1.amazonaws.com/ab+(374).png,amar,,,,,,).png,
8 lecciones que aprende del divorcio,https://socialheartspanish.s3.ap-south-1.amazonaws.com/ab+(375).png,amar,,,,,,).png,
Los 7 mejores temas para hablar en una primera cita,https://socialheartspanish.s3.ap-south-1.amazonaws.com/ab+(376).png,amar,,,,,,).png,
Cómo ser la esposa perfecta que todo hombre desea según los hombres,https://socialheartspanish.s3.ap-south-1.amazonaws.com/ab+(377).png,amar,,,,,,).png,
Límites que protegerán su matrimonio,https://socialheartspanish.s3.ap-south-1.amazonaws.com/ab+(378).png,amar,,,,,,).png,
Castigos creativos para niños que realmente funcionan,https://socialheartspanish.s3.ap-south-1.amazonaws.com/ab+(379).png,amar,,,,,,).png,
Los mejores cuentos para dormir para niños,https://socialheartspanish.s3.ap-south-1.amazonaws.com/ab+(380).png,amar,,,,,,).png,
Formas de ayudar a tu esposa a recuperar su espalda sexy,https://socialheartspanish.s3.ap-south-1.amazonaws.com/ab+(381).png,amar,,,,,,).png,
Mentiras que dicen las mujeres en la cama,https://socialheartspanish.s3.ap-south-1.amazonaws.com/ab+(382).png,amar,,,,,,).png,
Beneficios de dormir desnudo,https://socialheartspanish.s3.ap-south-1.amazonaws.com/ab+(383).png,amar,,,,,,).png,
Peligros de salir con un hombre casado,https://socialheartspanish.s3.ap-south-1.amazonaws.com/ab+(384).png,amar,,,,,,).png,
Maneras de complacer a tu hombre y darle la mejor noche de su vida,https://socialheartspanish.s3.ap-south-1.amazonaws.com/ab+(385).png,amar,,,,,,).png,
Errores de reconciliación matrimonial que se deben evitar después de una infidelidad,https://socialheartspanish.s3.ap-south-1.amazonaws.com/ab+(386).png,amar,,,,,,).png,
6 pasos importantes para cambiar tu vida,https://socialheartspanish.s3.ap-south-1.amazonaws.com/ab+(387).png,amar,,,,,,).png,
8 ejercicios y entrenamientos seguros para el embarazo para mujeres No te pierdas estos consejos para un embarazo saludable,https://socialheartspanish.s3.ap-south-1.amazonaws.com/ab+(388).png,amar,,,,,,).png,
Juegos de lectura interesantes y divertidos para niños que a tus hijos les encantarán,https://socialheartspanish.s3.ap-south-1.amazonaws.com/ab+(389).png,amar,,,,,,).png,
Cuándo dejarlo todo en una relación,https://socialheartspanish.s3.ap-south-1.amazonaws.com/ab+(390).png,amar,,,,,,).png,
Cuando un chico te llama cariño,https://socialheartspanish.s3.ap-south-1.amazonaws.com/ab+(391).png,amar,,,,,,).png,
16 tipos de matrimonios,https://socialheartspanish.s3.ap-south-1.amazonaws.com/ab+(392).png,amar,,,,,,).png,
Cómo tener un embarazo sano sólo en el vientre,https://socialheartspanish.s3.ap-south-1.amazonaws.com/ab+(393).png,amar,,,,,,).png,
Consejos para hacer el amor para llevar a su pareja a la nube 9,https://socialheartspanish.s3.ap-south-1.amazonaws.com/ab+(394).png,amar,,,,,,).png,
Lo que los hombres quieren en la cama,https://socialheartspanish.s3.ap-south-1.amazonaws.com/ab+(395).png,amar,,,,,,).png,
Estrías del embarazo,https://socialheartspanish.s3.ap-south-1.amazonaws.com/ab+(396).png,amar,,,,,,).png,
5 señales de que estás saliendo con un novio controlador,https://socialheartspanish.s3.ap-south-1.amazonaws.com/ab+(397).png,amar,,,,,,).png,
Mensajes para fortalecer su relación,https://socialheartspanish.s3.ap-south-1.amazonaws.com/ab+(398).png,amar,,,,,,).png,
Hábitos de citas anticuados y sucios,https://socialheartspanish.s3.ap-south-1.amazonaws.com/ab+(399).png,amar,,,,,,).png,
,,,,,,,,,"Missing video title,Missing Pinterest board,Missing media URL"